{"playerPosition":{"x":1.874707579612732,"y":0.34013840556144717,"z":0.0},"score":"0","playerHealth":100.0}