{"playerPosition":{"x":1.3975517749786378,"y":0.3399999439716339,"z":0.0},"score":"35","playerHealth":100.0}