{"playerPosition":{"x":29.408823013305665,"y":4.108129978179932,"z":0.0},"score":"20","playerHealth":100.0}